"All fuels","coal","petroleum liquids","petroleum coke","natural gas","other gases","nuclear","conventional hydroelectric","other renewables","other renewables:wind","other renewables:geothermal","other renewables:biomass","biomass:wood and wood-derived fuels","biomass:other biomass","hydro-electric pumped storage","other","all solar","small-scale solar photovoltaic","all utility-scale solar","all utility-scale solar:utility-scale photovoltaic","all utility-scale solar:utility-scale thermal","Date","State"
2930,328,924,NA,126,0,1366,38,75,NA,NA,75,NA,75,0,75,NA,NA,NA,NA,NA,2001-01-01,"Connecticut"
1853,355,485,NA,211,0,621,33,77,NA,NA,77,NA,77,0,71,NA,NA,NA,NA,NA,2001-02-01,"Connecticut"
2386,381,805,NA,340,0,643,33,96,NA,NA,96,NA,96,0,88,NA,NA,NA,NA,NA,2001-03-01,"Connecticut"
2280,302,294,NA,80,0,1369,60,92,NA,NA,92,NA,92,0,83,NA,NA,NA,NA,NA,2001-04-01,"Connecticut"
2356,309,391,NA,145,0,1342,25,72,NA,NA,72,NA,72,0,72,NA,NA,NA,NA,NA,2001-05-01,"Connecticut"
2661,331,449,NA,260,0,1441,41,71,NA,NA,71,NA,71,0,67,NA,NA,NA,NA,NA,2001-06-01,"Connecticut"
2589,346,303,NA,317,0,1465,15,72,NA,NA,72,NA,72,0,71,NA,NA,NA,NA,NA,2001-07-01,"Connecticut"
3064,353,636,NA,527,0,1397,9,72,NA,NA,72,NA,72,0,69,NA,NA,NA,NA,NA,2001-08-01,"Connecticut"
2701,295,152,NA,675,0,1435,8,69,NA,NA,69,NA,69,0,67,NA,NA,NA,NA,NA,2001-09-01,"Connecticut"
2606,157,200,NA,615,0,1491,8,69,NA,NA,69,NA,69,0,66,NA,NA,NA,NA,NA,2001-10-01,"Connecticut"
2227,276,142,NA,292,0,1373,6,70,NA,NA,70,NA,70,0,69,NA,NA,NA,NA,NA,2001-11-01,"Connecticut"
2837,304,393,NA,501,0,1485,11,73,NA,NA,73,NA,73,0,71,NA,NA,NA,NA,NA,2001-12-01,"Connecticut"
2832,330,282,NA,579,0,1477,32,67,NA,NA,67,NA,67,-2,67,NA,NA,NA,NA,NA,2002-01-01,"Connecticut"
2198,307,189,NA,544,0,1020,19,59,NA,NA,59,NA,59,0,59,NA,NA,NA,NA,NA,2002-02-01,"Connecticut"
2241,271,300,NA,644,9,850,24,73,NA,NA,73,NA,73,0,71,NA,NA,NA,NA,NA,2002-03-01,"Connecticut"
2271,278,126,NA,545,0,1160,34,67,NA,NA,67,NA,67,-5,66,NA,NA,NA,NA,NA,2002-04-01,"Connecticut"
2865,230,122,NA,831,0,1497,46,71,NA,NA,71,NA,71,0,67,NA,NA,NA,NA,NA,2002-05-01,"Connecticut"
2738,300,93,NA,748,0,1421,38,70,NA,NA,70,NA,70,-1,69,NA,NA,NA,NA,NA,2002-06-01,"Connecticut"
3286,351,266,NA,1029,0,1484,13,73,NA,NA,73,NA,73,-1,70,NA,NA,NA,NA,NA,2002-07-01,"Connecticut"
3062,217,347,NA,1057,0,1292,8,71,NA,NA,71,NA,71,0,69,NA,NA,NA,NA,NA,2002-08-01,"Connecticut"
2214,132,240,NA,956,0,750,7,66,NA,NA,66,NA,66,0,65,NA,NA,NA,NA,NA,2002-09-01,"Connecticut"
2493,136,219,NA,739,0,1252,14,66,NA,NA,66,NA,66,0,66,NA,NA,NA,NA,NA,2002-10-01,"Connecticut"
2624,298,101,NA,591,0,1454,47,68,NA,NA,68,NA,68,0,67,NA,NA,NA,NA,NA,2002-11-01,"Connecticut"
2487,376,53,NA,606,0,1260,54,71,NA,NA,71,NA,71,0,68,NA,NA,NA,NA,NA,2002-12-01,"Connecticut"
2742,389,383,NA,349,0,1448,47,62,NA,NA,62,0,62,0,64,NA,NA,NA,NA,NA,2003-01-01,"Connecticut"
2535,380,353,NA,290,0,1365,31,60,NA,NA,60,0,60,0,57,NA,NA,NA,NA,NA,2003-02-01,"Connecticut"
2330,330,238,NA,484,0,1088,58,67,NA,NA,67,NA,67,0,64,NA,NA,NA,NA,NA,2003-03-01,"Connecticut"
2457,357,51,NA,402,0,1458,54,67,NA,NA,67,NA,67,0,67,NA,NA,NA,NA,NA,2003-04-01,"Connecticut"
2430,352,17,NA,374,0,1510,40,67,NA,NA,67,NA,67,0,71,NA,NA,NA,NA,NA,2003-05-01,"Connecticut"
2420,380,112,NA,321,0,1419,57,64,NA,NA,64,NA,64,0,66,NA,NA,NA,NA,NA,2003-06-01,"Connecticut"
2665,339,224,NA,439,0,1497,24,70,NA,NA,70,NA,70,0,72,NA,NA,NA,NA,NA,2003-07-01,"Connecticut"
2802,381,240,NA,530,0,1486,33,65,NA,NA,65,NA,65,0,66,NA,NA,NA,NA,NA,2003-08-01,"Connecticut"
2507,350,35,NA,510,0,1443,39,66,NA,NA,66,NA,66,0,65,NA,NA,NA,NA,NA,2003-09-01,"Connecticut"
2102,388,44,NA,438,0,1053,49,66,NA,NA,66,NA,66,0,65,NA,NA,NA,NA,NA,2003-10-01,"Connecticut"
1855,193,124,NA,523,0,823,59,65,NA,NA,65,NA,65,0,68,NA,NA,NA,NA,NA,2003-11-01,"Connecticut"
2699,361,242,NA,401,0,1490,73,66,NA,NA,66,NA,66,0,68,NA,NA,NA,NA,NA,2003-12-01,"Connecticut"
3330,401,675,NA,370,0,1515,255,55,NA,NA,55,0,55,0,57,NA,NA,NA,NA,NA,2004-01-01,"Connecticut"
2515,371,53,NA,546,0,1417,11,57,NA,NA,57,0,57,0,59,NA,NA,NA,NA,NA,2004-02-01,"Connecticut"
2519,384,92,NA,536,0,1357,22,64,NA,NA,64,0,63,0,64,NA,NA,NA,NA,NA,2004-03-01,"Connecticut"
1802,319,84,NA,582,0,670,13,67,NA,NA,67,0,67,0,67,NA,NA,NA,NA,NA,2004-04-01,"Connecticut"
2578,364,50,NA,804,0,1198,30,67,NA,NA,67,0,66,0,66,NA,NA,NA,NA,NA,2004-05-01,"Connecticut"
2889,357,126,NA,795,0,1466,15,65,NA,NA,65,0,64,0,65,NA,NA,NA,NA,NA,2004-06-01,"Connecticut"
3064,378,139,NA,878,0,1501,40,64,NA,NA,64,0,63,0,64,NA,NA,NA,NA,NA,2004-07-01,"Connecticut"
3224,386,179,NA,962,0,1494,73,64,NA,NA,64,0,64,0,64,NA,NA,NA,NA,NA,2004-08-01,"Connecticut"
2830,295,69,NA,881,0,1456,1,64,NA,NA,64,0,63,1,64,NA,NA,NA,NA,NA,2004-09-01,"Connecticut"
2561,246,42,NA,623,0,1514,1,67,NA,NA,67,0,67,1,67,NA,NA,NA,NA,NA,2004-10-01,"Connecticut"
2515,367,23,NA,560,0,1436,0,63,NA,NA,63,0,62,3,63,NA,NA,NA,NA,NA,2004-11-01,"Connecticut"
2807,388,206,NA,572,0,1515,1,61,NA,NA,61,0,60,3,62,NA,NA,NA,NA,NA,2004-12-01,"Connecticut"
3122,403,527,NA,511,0,1518,49,57,NA,NA,57,1,56,0,56,NA,NA,NA,NA,NA,2005-01-01,"Connecticut"
2634,360,64,NA,702,0,1371,40,49,NA,NA,49,1,48,0,49,NA,NA,NA,NA,NA,2005-02-01,"Connecticut"
2921,326,244,NA,682,0,1513,44,57,NA,NA,57,1,56,-2,56,NA,NA,NA,NA,NA,2005-03-01,"Connecticut"
2122,312,198,NA,825,0,615,44,65,NA,NA,65,1,64,0,63,NA,NA,NA,NA,NA,2005-04-01,"Connecticut"
2624,391,17,NA,944,0,1098,38,68,NA,NA,68,1,68,0,67,NA,NA,NA,NA,NA,2005-05-01,"Connecticut"
3054,332,276,NA,808,0,1464,42,66,NA,NA,66,1,65,0,64,NA,NA,NA,NA,NA,2005-06-01,"Connecticut"
3377,375,337,NA,979,0,1507,44,69,NA,NA,69,1,68,0,67,NA,NA,NA,NA,NA,2005-07-01,"Connecticut"
3442,390,403,NA,985,0,1498,37,65,NA,NA,65,1,64,0,64,NA,NA,NA,NA,NA,2005-08-01,"Connecticut"
2717,251,286,NA,619,0,1406,31,63,NA,NA,63,1,62,0,62,NA,NA,NA,NA,NA,2005-09-01,"Connecticut"
2166,157,450,NA,678,0,720,30,66,NA,NA,66,1,65,0,64,NA,NA,NA,NA,NA,2005-10-01,"Connecticut"
2561,293,51,NA,594,0,1459,36,64,NA,NA,64,1,64,0,63,NA,NA,NA,NA,NA,2005-11-01,"Connecticut"
2810,405,302,NA,536,0,1393,44,65,NA,NA,65,1,65,0,64,NA,NA,NA,NA,NA,2005-12-01,"Connecticut"
2780,374,38,NA,682,0,1519,50,58,NA,NA,58,1,58,0,58,NA,NA,NA,NA,NA,2006-01-01,"Connecticut"
2598,350,52,NA,725,0,1308,46,60,NA,NA,60,1,59,0,58,NA,NA,NA,NA,NA,2006-02-01,"Connecticut"
3040,392,48,NA,916,0,1518,40,63,NA,NA,63,1,62,0,62,NA,NA,NA,NA,NA,2006-03-01,"Connecticut"
2577,274,30,NA,822,0,1281,44,64,NA,NA,64,0,64,0,63,NA,NA,NA,NA,NA,2006-04-01,"Connecticut"
2978,385,42,NA,855,0,1517,54,67,NA,NA,67,1,67,0,58,NA,NA,NA,NA,NA,2006-05-01,"Connecticut"
3159,387,103,NA,1024,0,1463,52,66,NA,NA,66,1,66,0,64,NA,NA,NA,NA,NA,2006-06-01,"Connecticut"
3465,368,223,NA,1186,0,1502,54,67,NA,NA,67,1,66,0,65,NA,NA,NA,NA,NA,2006-07-01,"Connecticut"
3283,403,185,NA,1011,0,1498,54,66,NA,NA,66,1,65,0,65,NA,NA,NA,NA,NA,2006-08-01,"Connecticut"
2920,370,99,NA,838,0,1454,35,62,NA,NA,62,1,61,0,62,NA,NA,NA,NA,NA,2006-09-01,"Connecticut"
2461,231,200,NA,910,0,959,32,64,NA,NA,64,1,63,0,64,NA,NA,NA,NA,NA,2006-10-01,"Connecticut"
2491,344,165,NA,766,0,1055,39,65,NA,NA,65,1,64,0,57,NA,NA,NA,NA,NA,2006-11-01,"Connecticut"
2929,404,95,NA,751,0,1513,44,60,NA,NA,60,1,60,0,61,NA,NA,NA,NA,NA,2006-12-01,"Connecticut"
2841,393,178,NA,691,0,1413,36,65,NA,NA,65,0,65,0,64,NA,NA,NA,NA,NA,2007-01-01,"Connecticut"
2746,364,206,NA,676,0,1365,26,55,NA,NA,55,0,55,-1,55,NA,NA,NA,NA,NA,2007-02-01,"Connecticut"
2931,340,187,NA,742,0,1510,30,63,NA,NA,63,0,63,-5,63,NA,NA,NA,NA,NA,2007-03-01,"Connecticut"
2110,295,61,NA,804,0,790,43,59,NA,NA,59,0,59,-2,60,NA,NA,NA,NA,NA,2007-04-01,"Connecticut"
2444,346,62,NA,902,0,959,46,66,NA,NA,66,0,66,-2,64,NA,NA,NA,NA,NA,2007-05-01,"Connecticut"
2825,370,85,NA,765,0,1455,28,63,NA,NA,63,0,63,-2,63,NA,NA,NA,NA,NA,2007-06-01,"Connecticut"
3165,380,85,NA,1062,0,1499,22,59,NA,NA,59,0,59,-2,58,NA,NA,NA,NA,NA,2007-07-01,"Connecticut"
3249,371,100,NA,1143,0,1493,19,62,NA,NA,62,0,61,0,61,NA,NA,NA,NA,NA,2007-08-01,"Connecticut"
2905,331,70,NA,919,0,1447,17,61,NA,NA,61,0,61,0,61,NA,NA,NA,NA,NA,2007-09-01,"Connecticut"
2686,121,87,NA,841,0,1497,24,57,NA,NA,57,0,57,0,59,NA,NA,NA,NA,NA,2007-10-01,"Connecticut"
2427,134,13,NA,671,0,1456,36,60,NA,NA,60,0,60,0,56,NA,NA,NA,NA,NA,2007-11-01,"Connecticut"
2843,294,176,NA,714,0,1501,35,60,NA,NA,60,0,60,-1,63,NA,NA,NA,NA,NA,2007-12-01,"Connecticut"
2817,382,34,NA,737,0,1507,44,55,NA,NA,55,0,55,2,57,NA,NA,NA,NA,NA,2008-01-01,"Connecticut"
2535,370,41,NA,568,0,1408,45,52,NA,NA,52,0,52,-1,51,NA,NA,NA,NA,NA,2008-02-01,"Connecticut"
2512,363,89,NA,383,0,1504,51,61,NA,NA,61,0,60,2,59,NA,NA,NA,NA,NA,2008-03-01,"Connecticut"
1999,277,36,NA,574,0,924,63,64,NA,NA,64,0,64,-1,60,NA,NA,NA,NA,NA,2008-04-01,"Connecticut"
2297,331,33,NA,729,0,1032,47,65,NA,NA,65,0,65,-2,62,NA,NA,NA,NA,NA,2008-05-01,"Connecticut"
2657,378,79,NA,632,0,1394,45,65,NA,NA,65,0,65,0,64,NA,NA,NA,NA,NA,2008-06-01,"Connecticut"
3114,392,64,NA,1023,0,1463,45,64,NA,NA,64,0,64,-1,63,NA,NA,NA,NA,NA,2008-07-01,"Connecticut"
2823,396,15,NA,753,0,1484,57,60,NA,NA,60,0,60,0,59,NA,NA,NA,NA,NA,2008-08-01,"Connecticut"
2616,398,10,NA,622,0,1440,33,58,NA,NA,58,0,58,1,53,NA,NA,NA,NA,NA,2008-09-01,"Connecticut"
2395,390,11,NA,896,0,941,32,64,NA,NA,64,0,64,1,60,NA,NA,NA,NA,NA,2008-10-01,"Connecticut"
1871,349,10,NA,572,0,771,44,61,NA,NA,61,0,61,3,61,NA,NA,NA,NA,NA,2008-11-01,"Connecticut"
2775,360,93,NA,581,0,1565,50,63,NA,NA,63,0,62,3,61,NA,NA,NA,NA,NA,2008-12-01,"Connecticut"
2893,333,167,NA,658,0,1569,44,60,NA,NA,60,0,60,6,57,NA,NA,NA,NA,NA,2009-01-01,"Connecticut"
2609,308,1,NA,733,0,1417,37,59,NA,NA,59,0,59,-2,56,NA,NA,NA,NA,NA,2009-02-01,"Connecticut"
2745,170,11,NA,842,0,1561,50,60,NA,NA,60,0,60,-4,56,NA,NA,NA,NA,NA,2009-03-01,"Connecticut"
2461,124,9,NA,639,0,1519,55,65,NA,NA,65,0,65,-3,52,NA,NA,NA,NA,NA,2009-04-01,"Connecticut"
2554,135,-1,NA,672,0,1567,49,69,NA,NA,69,0,69,-2,65,NA,NA,NA,NA,NA,2009-05-01,"Connecticut"
2466,127,6,NA,662,0,1513,37,63,NA,NA,63,0,63,1,57,NA,NA,NA,NA,NA,2009-06-01,"Connecticut"
2507,154,22,NA,1062,0,1087,51,65,NA,NA,65,0,65,1,65,NA,NA,NA,NA,NA,2009-07-01,"Connecticut"
3155,214,58,NA,1161,0,1547,45,65,NA,NA,65,0,65,1,64,NA,NA,NA,NA,NA,2009-08-01,"Connecticut"
2611,130,3,NA,827,0,1502,24,63,NA,NA,63,0,63,1,60,NA,NA,NA,NA,NA,2009-09-01,"Connecticut"
2376,247,1,NA,940,0,1034,31,63,NA,NA,63,0,63,0,59,NA,NA,NA,NA,NA,2009-10-01,"Connecticut"
2193,152,4,NA,744,0,1131,39,64,NA,NA,64,0,64,1,59,NA,NA,NA,NA,NA,2009-11-01,"Connecticut"
2637,361,17,NA,869,0,1212,48,63,NA,NA,63,0,63,4,62,NA,NA,NA,NA,NA,2009-12-01,"Connecticut"
2862,358,9,NA,944,0,1403,35,55,NA,NA,55,0,55,1,57,NA,NA,NA,NA,NA,2010-01-01,"Connecticut"
2478,224,8,NA,734,0,1368,31,55,NA,NA,55,0,55,1,56,NA,NA,NA,NA,NA,2010-02-01,"Connecticut"
2447,105,12,NA,611,0,1560,43,63,NA,NA,63,0,63,0,53,NA,NA,NA,NA,NA,2010-03-01,"Connecticut"
1818,144,6,NA,576,0,919,48,66,NA,NA,66,0,66,1,58,NA,NA,NA,NA,NA,2010-04-01,"Connecticut"
2166,159,40,NA,848,0,948,35,68,NA,NA,68,0,68,0,68,NA,NA,NA,NA,NA,2010-05-01,"Connecticut"
3058,268,34,NA,1084,0,1518,26,64,NA,NA,64,0,64,-1,65,NA,NA,NA,NA,NA,2010-06-01,"Connecticut"
3556,329,124,NA,1396,0,1562,21,61,NA,NA,61,0,61,0,63,NA,NA,NA,NA,NA,2010-07-01,"Connecticut"
3200,326,82,NA,1193,2,1446,21,65,NA,NA,65,0,65,0,65,NA,NA,NA,NA,NA,2010-08-01,"Connecticut"
3040,179,63,NA,1153,2,1507,18,59,NA,NA,59,0,59,0,58,NA,NA,NA,NA,NA,2010-09-01,"Connecticut"
2856,135,0,NA,998,2,1565,40,59,NA,NA,59,0,59,0,56,NA,NA,NA,NA,NA,2010-10-01,"Connecticut"
2959,100,5,NA,1266,4,1425,38,60,NA,NA,60,0,60,3,58,NA,NA,NA,NA,NA,2010-11-01,"Connecticut"
2910,277,24,NA,912,3,1529,36,63,NA,NA,63,0,63,6,60,NA,NA,NA,NA,NA,2010-12-01,"Connecticut"
3055,191,53,NA,1085,NA,1573,46,47,NA,NA,47,0,47,2,57,NA,NA,NA,NA,NA,2011-01-01,"Connecticut"
2701,60,8,NA,1100,NA,1417,38,36,NA,NA,36,0,36,0,41,NA,NA,NA,NA,NA,2011-02-01,"Connecticut"
2679,-2,5,NA,949,NA,1572,53,51,NA,NA,51,0,51,-5,56,NA,NA,NA,NA,NA,2011-03-01,"Connecticut"
2095,-1,1,NA,980,NA,927,65,59,NA,NA,59,0,59,-1,65,NA,NA,NA,NA,NA,2011-04-01,"Connecticut"
2870,-1,1,NA,1173,NA,1502,74,61,NA,NA,61,0,61,1,60,NA,NA,NA,NA,NA,2011-05-01,"Connecticut"
2872,57,22,NA,1192,NA,1438,44,58,NA,NA,58,0,58,1,61,NA,NA,NA,NA,NA,2011-06-01,"Connecticut"
3424,161,36,NA,1515,NA,1556,29,58,NA,NA,58,0,58,1,67,NA,NA,NA,NA,NA,2011-07-01,"Connecticut"
3330,63,20,NA,1591,NA,1499,30,59,NA,NA,59,0,59,1,67,NA,NA,NA,NA,NA,2011-08-01,"Connecticut"
2918,-1,12,NA,1558,NA,1189,46,53,NA,NA,53,0,53,3,58,NA,NA,NA,NA,NA,2011-09-01,"Connecticut"
2417,-1,2,NA,1390,NA,859,53,59,NA,NA,59,0,59,1,55,NA,NA,NA,NA,NA,2011-10-01,"Connecticut"
2325,0,5,NA,1344,NA,823,40,58,NA,NA,58,0,57,2,53,NA,NA,NA,NA,NA,2011-11-01,"Connecticut"
3060,0,2,NA,1309,NA,1572,51,61,NA,NA,61,0,61,1,65,NA,NA,NA,NA,NA,2011-12-01,"Connecticut"
2970,75,0,NA,1186,NA,1558,30,53,NA,NA,53,0,53,6,62,NA,NA,NA,NA,NA,2012-01-01,"Connecticut"
2749,46,1,NA,1114,NA,1456,24,50,NA,NA,50,0,50,-1,58,NA,NA,NA,NA,NA,2012-02-01,"Connecticut"
2957,43,6,NA,1177,NA,1571,34,60,NA,NA,60,0,60,-7,72,NA,NA,NA,NA,NA,2012-03-01,"Connecticut"
2756,37,2,NA,1055,NA,1518,26,56,NA,NA,56,0,56,0,62,NA,NA,NA,NA,NA,2012-04-01,"Connecticut"
2811,48,8,NA,1044,NA,1547,35,60,NA,NA,60,0,60,1,68,NA,NA,NA,NA,NA,2012-05-01,"Connecticut"
3085,58,35,NA,1329,NA,1513,28,58,NA,NA,58,0,58,1,63,NA,NA,NA,NA,NA,2012-06-01,"Connecticut"
3537,70,29,NA,1763,NA,1528,20,59,NA,NA,59,0,59,0,67,NA,NA,NA,NA,NA,2012-07-01,"Connecticut"
3279,63,14,NA,1778,NA,1287,17,57,NA,NA,57,0,57,0,64,NA,NA,NA,NA,NA,2012-08-01,"Connecticut"
3206,47,2,NA,1539,NA,1491,17,54,NA,NA,54,0,54,0,55,NA,NA,NA,NA,NA,2012-09-01,"Connecticut"
2762,42,9,NA,1557,NA,1016,26,51,NA,NA,51,0,51,0,61,NA,NA,NA,NA,NA,2012-10-01,"Connecticut"
2824,47,4,NA,1606,NA,1024,25,55,NA,NA,55,0,55,0,63,NA,NA,NA,NA,NA,2012-11-01,"Connecticut"
3181,76,2,NA,1390,NA,1569,30,52,NA,NA,52,0,51,2,62,NA,NA,NA,NA,NA,2012-12-01,"Connecticut"
3219,118,93,NA,1291,NA,1570,34,51,NA,NA,51,0,51,5,56,NA,NA,NA,NA,NA,2013-01-01,"Connecticut"
3028,185,66,NA,1230,NA,1418,34,45,NA,NA,45,0,44,-1,52,NA,NA,NA,NA,NA,2013-02-01,"Connecticut"
3033,2,1,NA,1318,NA,1568,36,56,NA,NA,56,0,56,-10,62,NA,NA,NA,NA,NA,2013-03-01,"Connecticut"
2409,-2,1,NA,1239,NA,1007,43,56,NA,NA,56,0,56,-1,66,NA,NA,NA,NA,NA,2013-04-01,"Connecticut"
2579,-1,1,NA,1414,NA,998,39,59,NA,NA,59,0,59,0,69,NA,NA,NA,NA,NA,2013-05-01,"Connecticut"
2946,24,5,NA,1236,NA,1514,45,55,NA,NA,55,0,55,3,65,NA,NA,NA,NA,NA,2013-06-01,"Connecticut"
3481,96,39,NA,1632,NA,1554,40,54,NA,NA,54,0,54,1,64,NA,NA,NA,NA,NA,2013-07-01,"Connecticut"
2996,-2,7,NA,1449,NA,1396,24,58,NA,NA,58,0,58,0,64,NA,NA,NA,NA,NA,2013-08-01,"Connecticut"
2997,7,4,NA,1349,NA,1501,27,51,NA,NA,51,0,51,0,59,NA,NA,NA,NA,NA,2013-09-01,"Connecticut"
2895,-1,0,NA,1211,NA,1552,24,54,NA,NA,54,0,54,0,55,NA,NA,NA,NA,NA,2013-10-01,"Connecticut"
2858,46,3,NA,1240,NA,1435,26,56,NA,NA,56,0,56,0,52,NA,NA,NA,NA,NA,2013-11-01,"Connecticut"
3169,209,88,NA,1171,NA,1565,29,56,NA,NA,56,3,53,1,49,NA,NA,0,0,NA,2013-12-01,"Connecticut"
3055,172,298,NA,879,NA,1548,42,64,NA,NA,64,12,52,4,48,7,6,0,0,NA,2014-01-01,"Connecticut"
2758,221,86,NA,960,NA,1370,31,51,NA,NA,51,7,44,-2,41,8,7,0,0,NA,2014-02-01,"Connecticut"
3055,232,97,NA,1016,NA,1565,28,68,NA,NA,68,10,57,-5,53,11,10,1,1,NA,2014-03-01,"Connecticut"
2439,34,0,NA,1270,NA,985,51,53,NA,NA,52,2,50,0,47,12,11,1,1,NA,2014-04-01,"Connecticut"
2269,-1,0,NA,1169,NA,915,57,73,NA,NA,72,14,58,2,54,13,12,1,1,NA,2014-05-01,"Connecticut"
2899,2,2,NA,1305,NA,1434,37,64,NA,NA,63,4,59,0,54,14,12,1,1,NA,2014-06-01,"Connecticut"
3288,51,4,NA,1631,NA,1456,36,57,NA,NA,56,0,55,1,52,15,14,1,1,NA,2014-07-01,"Connecticut"
3261,-2,9,NA,1554,NA,1545,33,67,NA,NA,66,8,57,0,53,15,13,1,1,NA,2014-08-01,"Connecticut"
2800,-2,4,NA,1173,NA,1493,21,61,NA,NA,60,6,54,1,50,14,12,1,1,NA,2014-09-01,"Connecticut"
2121,-2,1,NA,1024,NA,958,26,65,NA,NA,64,11,53,0,49,12,10,1,1,NA,2014-10-01,"Connecticut"
2519,110,3,NA,1245,NA,1003,28,75,NA,NA,74,17,56,3,52,9,8,1,1,NA,2014-11-01,"Connecticut"
3213,11,11,NA,1456,NA,1569,42,71,NA,NA,70,16,54,3,50,10,9,1,1,NA,2014-12-01,"Connecticut"
3502,205,12,NA,1574,NA,1569,29,65,NA,NA,64,14,50,2,47,10,9,1,1,NA,2015-01-01,"Connecticut"
3240,224,372,NA,1107,NA,1416,23,54,NA,NA,53,8,46,0,42,11,10,1,1,NA,2015-02-01,"Connecticut"
3094,157,3,NA,1243,NA,1566,22,66,NA,NA,65,16,49,-8,45,16,15,2,2,NA,2015-03-01,"Connecticut"
2844,2,7,NA,1319,NA,1387,36,53,NA,NA,51,8,43,0,40,19,17,2,2,NA,2015-04-01,"Connecticut"
2963,-2,4,NA,1252,NA,1564,28,71,NA,NA,69,20,49,1,46,21,20,2,2,NA,2015-05-01,"Connecticut"
3012,0,-2,NA,1352,NA,1512,37,67,NA,NA,65,16,49,0,46,21,19,2,2,NA,2015-06-01,"Connecticut"
3354,13,20,NA,1620,NA,1555,24,71,NA,NA,69,17,53,1,49,25,23,2,2,NA,2015-07-01,"Connecticut"
3426,-3,7,NA,1733,NA,1548,18,72,NA,NA,70,16,54,0,50,24,22,2,2,NA,2015-08-01,"Connecticut"
3161,0,15,NA,1520,NA,1495,14,72,NA,NA,71,22,49,0,45,22,20,2,2,NA,2015-09-01,"Connecticut"
2622,7,2,NA,1517,NA,963,20,69,NA,NA,68,21,47,0,44,18,17,1,1,NA,2015-10-01,"Connecticut"
2872,0,-3,NA,1460,NA,1278,20,65,NA,NA,64,10,54,0,50,14,13,1,1,NA,2015-11-01,"Connecticut"
3381,-3,2,NA,1664,NA,1556,30,79,NA,NA,78,22,56,0,52,14,13,1,1,NA,2015-12-01,"Connecticut"
3168,44,5,NA,1563,NA,1396,25,80,1,NA,78,22,56,3,52,17,16,1,1,NA,2016-01-01,"Connecticut"
3040,14,2,NA,1433,NA,1454,25,69,1,NA,66,20,46,1,43,20,19,2,2,NA,2016-02-01,"Connecticut"
3020,-3,-1,NA,1315,NA,1554,30,79,1,NA,77,23,54,-4,50,28,26,1,1,NA,2016-03-01,"Connecticut"
2685,-2,1,NA,1673,NA,871,30,64,1,NA,62,10,52,0,48,31,29,2,2,NA,2016-04-01,"Connecticut"
2699,-2,16,NA,1499,NA,1042,21,76,1,NA,73,22,51,0,47,34,32,2,2,NA,2016-05-01,"Connecticut"
2644,-2,2,NA,1350,NA,1157,13,75,1,NA,72,19,52,0,49,36,34,2,2,NA,2016-06-01,"Connecticut"
3348,10,16,NA,1634,NA,1545,14,78,1,NA,75,20,54,1,51,39,36,3,3,NA,2016-07-01,"Connecticut"
3404,12,30,NA,1756,NA,1466,12,79,1,NA,75,22,53,0,50,38,35,3,3,NA,2016-08-01,"Connecticut"
3102,21,4,NA,1446,NA,1493,10,80,1,NA,76,25,51,0,48,33,30,3,3,NA,2016-09-01,"Connecticut"
3088,-2,-1,NA,1426,NA,1542,11,65,1,NA,62,13,50,0,46,27,25,2,2,NA,2016-10-01,"Connecticut"
3097,-1,2,NA,1455,NA,1502,14,74,1,NA,71,19,52,1,49,21,19,2,2,NA,2016-11-01,"Connecticut"
3201,89,16,NA,1402,NA,1554,20,74,2,NA,70,23,48,2,45,21,19,2,2,NA,2016-12-01,"Connecticut"
3295,40,5,NA,1555,NA,1553,25,73,1,NA,71,25,46,1,43,21,20,2,2,NA,2017-01-01,"Connecticut"
2766,-2,3,NA,1245,NA,1405,25,57,1,NA,54,12,41,-6,38,27,25,3,3,NA,2017-02-01,"Connecticut"
2907,41,8,NA,1177,NA,1549,31,60,1,NA,55,9,46,-2,43,37,34,4,4,NA,2017-03-01,"Connecticut"
2117,-2,1,NA,1070,NA,888,44,66,1,NA,62,11,50,2,47,42,38,4,4,NA,2017-04-01,"Connecticut"
2583,2,1,NA,975,NA,1440,46,69,1,NA,64,11,53,1,49,45,42,4,4,NA,2017-05-01,"Connecticut"
2829,7,10,NA,1159,NA,1500,34,72,1,NA,67,16,51,1,47,48,44,5,5,NA,2017-06-01,"Connecticut"
3305,9,8,NA,1591,NA,1540,28,79,1,NA,74,23,51,1,48,52,47,5,5,NA,2017-07-01,"Connecticut"
3243,-1,7,NA,1564,NA,1532,18,76,1,NA,71,21,50,0,47,49,44,5,5,NA,2017-08-01,"Connecticut"
2791,3,3,NA,1173,NA,1488,13,70,1,NA,65,22,43,1,40,42,38,4,4,NA,2017-09-01,"Connecticut"
2474,-1,4,NA,1378,NA,975,13,61,1,NA,57,9,47,0,45,34,31,3,3,NA,2017-10-01,"Connecticut"
2777,-1,1,NA,1542,NA,1070,31,83,1,NA,80,25,55,0,51,25,23,2,2,NA,2017-11-01,"Connecticut"
3475,104,127,NA,1534,NA,1558,24,76,1,NA,73,22,51,4,48,23,22,2,2,NA,2017-12-01,"Connecticut"
3496,166,282,NA,1334,NA,1562,47,66,1,NA,63,20,43,0,40,29,27,2,2,NA,2018-01-01,"Connecticut"
2892,22,0,NA,1307,NA,1408,52,65,1,NA,61,17,44,-3,41,33,30,3,3,NA,2018-02-01,"Connecticut"
3267,-3,-1,NA,1551,NA,1558,57,70,1,NA,60,19,42,-3,39,51,42,8,8,NA,2018-03-01,"Connecticut"
3012,45,0,NA,1302,NA,1504,68,65,1,NA,55,25,29,1,27,56,47,9,9,NA,2018-04-01,"Connecticut"
2958,-2,2,NA,1254,NA,1551,54,67,1,NA,55,23,32,1,30,63,53,11,11,NA,2018-05-01,"Connecticut"
3356,0,38,NA,1674,NA,1500,25,77,1,NA,66,22,44,0,41,63,53,11,11,NA,2018-06-01,"Connecticut"
3767,16,8,NA,2052,NA,1538,22,84,1,NA,74,25,49,0,46,68,59,10,10,NA,2018-07-01,"Connecticut"
3885,3,7,NA,2191,NA,1528,31,80,1,NA,71,24,47,2,44,61,53,8,8,NA,2018-08-01,"Connecticut"
3343,6,3,NA,1790,NA,1397,30,74,1,NA,68,23,45,1,42,49,43,6,6,NA,2018-09-01,"Connecticut"
2863,-2,-1,NA,1804,NA,908,44,66,1,NA,58,13,45,1,43,43,37,6,6,NA,2018-10-01,"Connecticut"
2922,35,2,NA,1833,NA,888,61,66,1,NA,60,23,36,2,34,32,27,5,5,NA,2018-11-01,"Connecticut"
3694,43,-1,NA,1915,NA,1540,65,95,1,NA,65,27,39,2,36,57,29,28,28,NA,2018-12-01,"Connecticut"
3440,47,4,NA,1677,NA,1557,49,61,1,NA,52,23,29,10,35,39,32,7,7,NA,2019-01-01,"Connecticut"
3061,2,0,NA,1501,NA,1407,45,66,1,NA,56,20,36,-2,43,46,37,9,9,NA,2019-02-01,"Connecticut"
3246,16,1,NA,1512,NA,1549,47,77,1,NA,64,22,42,-6,50,63,51,12,12,NA,2019-03-01,"Connecticut"
2578,-2,1,NA,1652,NA,756,52,71,1,NA,56,14,42,-2,51,69,56,13,13,NA,2019-04-01,"Connecticut"
2796,-2,0,NA,1568,NA,1035,55,83,1,NA,69,23,45,2,55,75,61,13,13,NA,2019-05-01,"Connecticut"
3407,-1,2,NA,1737,NA,1503,37,80,1,NA,64,24,41,0,49,78,64,15,15,NA,2019-06-01,"Connecticut"
4116,0,2,NA,2423,NA,1538,22,81,1,NA,63,22,41,0,50,87,70,18,18,NA,2019-07-01,"Connecticut"
3852,1,0,NA,2166,NA,1536,12,84,1,NA,69,26,43,0,52,80,65,15,15,NA,2019-08-01,"Connecticut"
3329,-2,1,NA,1704,NA,1486,11,81,1,NA,66,27,39,0,48,71,57,14,14,NA,2019-09-01,"Connecticut"
3094,-1,1,NA,1417,NA,1540,24,66,1,NA,56,16,40,-1,48,52,43,9,9,NA,2019-10-01,"Connecticut"
3433,-2,0,NA,1777,NA,1500,30,76,1,NA,68,24,44,-1,52,41,34,8,8,NA,2019-11-01,"Connecticut"
3698,-3,1,NA,2210,NA,1326,42,74,1,NA,66,28,38,2,46,37,30,6,6,NA,2019-12-01,"Connecticut"
3761,-2,-1,NA,2034,NA,1556,38,81,1,NA,69,28,41,5,50,49,38,11,11,NA,2020-01-01,"Connecticut"
3516,-2,4,NA,1906,NA,1461,33,72,1,NA,57,21,36,0,43,60,47,13,13,NA,2020-02-01,"Connecticut"
3464,-2,-2,NA,1728,NA,1560,44,92,1,NA,71,28,43,-7,52,83,64,19,19,NA,2020-03-01,"Connecticut"
2932,-2,0,NA,1770,NA,985,48,84,1,NA,65,27,38,1,46,86,68,18,18,NA,2020-04-01,"Connecticut"
2659,-2,1,NA,1564,NA,912,42,87,1,NA,61,17,44,1,53,106,81,25,25,NA,2020-05-01,"Connecticut"
3706,-2,5,NA,2163,NA,1381,14,93,1,NA,68,24,44,0,53,104,80,24,24,NA,2020-06-01,"Connecticut"
4308,0,1,NA,2606,NA,1544,17,90,1,NA,65,24,41,0,49,108,84,24,24,NA,2020-07-01,"Connecticut"
3968,-2,2,NA,2304,NA,1512,9,91,1,NA,68,26,42,1,50,99,77,22,22,NA,2020-08-01,"Connecticut"
3599,-1,1,NA,1975,NA,1493,5,82,1,NA,61,24,37,0,45,88,67,20,20,NA,2020-09-01,"Connecticut"
2460,-1,0,NA,1643,NA,664,20,80,1,NA,64,19,45,0,54,67,53,14,14,NA,2020-10-01,"Connecticut"
3097,-1,-1,NA,1815,NA,1135,24,79,1,NA,65,26,40,-2,48,52,40,12,12,NA,2020-11-01,"Connecticut"
3721,-1,21,NA,2028,NA,1512,34,78,2,NA,66,27,39,2,47,47,37,10,10,NA,2020-12-01,"Connecticut"
3672,133,2,NA,1951,NA,1400,47,83,2,NA,67,28,39,9,47,59,45,14,14,NA,2021-01-01,"Connecticut"
3490,115,23,NA,1802,NA,1413,30,68,1,NA,56,23,33,-1,40,58,48,10,10,NA,2021-02-01,"Connecticut"
3760,-2,-1,NA,2019,NA,1566,47,94,2,NA,65,27,39,-9,47,107,81,27,27,NA,2021-03-01,"Connecticut"
3243,-1,1,NA,1546,NA,1513,57,84,2,NA,62,24,38,-4,46,106,86,20,20,NA,2021-04-01,"Connecticut"
3487,-1,1,NA,1737,NA,1562,44,93,1,NA,62,19,43,1,52,125,95,30,30,NA,2021-05-01,"Connecticut"
3731,0,4,NA,2300,NA,1262,20,97,0,NA,66,25,40,1,49,128,97,30,30,NA,2021-06-01,"Connecticut"
4009,0,2,NA,2278,NA,1547,41,93,0,NA,67,28,40,0,48,119,94,25,25,NA,2021-07-01,"Connecticut"
4219,0,10,NA,2517,NA,1528,28,87,0,NA,61,21,40,1,48,112,87,26,26,NA,2021-08-01,"Connecticut"
3723,0,4,NA,2056,NA,1489,33,93,1,NA,65,27,38,1,46,103,76,27,27,NA,2021-09-01,"Connecticut"
2972,0,1,NA,1774,NA,1037,35,75,1,NA,52,11,41,0,50,81,60,21,21,NA,2021-10-01,"Connecticut"
3951,0,1,NA,2422,NA,1342,49,90,1,NA,67,27,40,0,49,72,51,21,21,NA,2021-11-01,"Connecticut"
3822,0,-1,NA,2088,NA,1559,47,79,1,NA,65,24,41,0,49,58,45,13,13,NA,2021-12-01,"Connecticut"
3633,0,116,NA,1941,NA,1423,24,75,1,NA,59,21,38,8,45,68,53,15,15,NA,2022-01-01,"Connecticut"
3468,0,56,NA,1851,NA,1409,31,81,1,NA,59,25,35,-2,42,86,65,21,21,NA,2022-02-01,"Connecticut"
3751,0,1,NA,2011,NA,1557,44,99,1,NA,63,25,38,-7,45,127,92,35,35,NA,2022-03-01,"Connecticut"
2586,0,1,0,1590,NA,803,51,96,1,NA,52,14,38,1,46,146,104,42,42,NA,2022-04-01,"Connecticut"
2529,0,1,NA,1697,NA,645,35,106,1,NA,57,20,37,1,44,161,113,48,48,NA,2022-05-01,"Connecticut"
3712,0,12,NA,2173,NA,1385,17,83,1,NA,35,0,35,0,42,161,113,47,47,NA,2022-06-01,"Connecticut"
4343,0,18,NA,2635,NA,1551,9,87,1,NA,35,0,35,1,42,172,121,51,51,NA,2022-07-01,"Connecticut"
4368,0,6,NA,2691,NA,1547,8,77,1,NA,32,0,32,0,39,156,112,45,45,NA,2022-08-01,"Connecticut"
3923,0,NA,NA,2308,NA,1495,15,68,1,NA,30,0,30,0,36,132,95,38,38,NA,2022-09-01,"Connecticut"
3528,0,1,NA,1848,NA,1558,20,64,1,NA,30,0,30,0,36,109,76,33,33,NA,2022-10-01,"Connecticut"
3680,0,NA,NA,2049,NA,1520,23,53,NA,NA,29,0,29,-2,35,81,59,22,22,NA,2022-11-01,"Connecticut"
3533,0,102,NA,1735,NA,1572,34,49,1,NA,32,0,32,2,38,71,55,16,16,NA,2022-12-01,"Connecticut"
3739,0,NA,0,2065,NA,1526,37,60,1,NA,40,9,31,3,37,77,57,19,19,NA,2023-01-01,"Connecticut"
3260,0,37,0,1736,NA,1361,29,61,1,NA,NA,NA,27,4,33,102,77,26,26,NA,2023-02-01,"Connecticut"
3797,0,9,0,2103,NA,1557,33,69,1,NA,30,0,30,-10,36,142,105,38,38,NA,2023-03-01,"Connecticut"
2891,0,6,0,1756,NA,999,26,70,1,NA,29,0,29,-1,35,154,115,39,39,NA,2023-04-01,"Connecticut"
2560,0,36,NA,1501,NA,869,26,92,1,NA,40,10,29,0,35,203,151,52,52,NA,2023-05-01,"Connecticut"
2606,0,10,NA,2441,NA,26,NA,82,0,NA,NA,NA,29,1,35,173,129,45,45,NA,2023-06-01,"Connecticut"
4174,0,12,NA,2559,NA,1443,30,91,0,NA,NA,NA,32,0,38,180,133,47,47,NA,2023-07-01,"Connecticut"
3975,0,NA,0,2278,NA,1542,29,82,0,NA,NA,NA,30,1,36,172,130,41,41,NA,2023-08-01,"Connecticut"
